Instance,Policy,Seed,Status,Nnodes,Fair Nodes,Gap,Integral
30n20b8,tbrant,0,infeasible,18,18,0,6062.500931
30n20b8,tbrant,1,infeasible,34,34,0,13030.27748
30n20b8,tbrant,2,infeasible,16,16,0,20931.25984
30n20b8,tbrant,3,infeasible,24,24,0,29026.71136
30n20b8,tbrant,4,infeasible,35,35,0,18672.85164
air04,tbrant,0,infeasible,225,225,0,277.3629527
air04,tbrant,1,infeasible,189,189,0,1392.371293
air04,tbrant,2,infeasible,277,277,0,2670.649543
air04,tbrant,3,infeasible,171,171,0,632.6901466
air04,tbrant,4,infeasible,188,188,0,3901.351296
air05,tbrant,0,infeasible,411,411,0,139.9035662
air05,tbrant,1,infeasible,405,405,0,245.0992421
air05,tbrant,2,infeasible,255,255,0,271.3398454
air05,tbrant,3,infeasible,129,129,0,337.52669
air05,tbrant,4,infeasible,273,273,0,275.720163
cod105,tbrant,0,timelimit,607,607,0.523809524,124213.312
cod105,tbrant,1,timelimit,341,341,0.523809524,124394.2132
cod105,tbrant,2,timelimit,209,209,0.523809524,124928.0956
cod105,tbrant,3,timelimit,189,189,0.523809524,125871.624
cod105,tbrant,4,timelimit,309,309,0.523809524,124951.3979
comp21-2idx,tbrant,0,timelimit,1293,1293,0.790021838,164690.5771
comp21-2idx,tbrant,1,timelimit,710,710,0.766769531,162004.8917
comp21-2idx,tbrant,2,timelimit,660,660,0.85,170013.3392
comp21-2idx,tbrant,3,timelimit,503,503,0.725938376,162209.0601
comp21-2idx,tbrant,4,timelimit,1052,1052,0.769721677,168671.7551
dcmulti,tbrant,0,infeasible,55,87,0,7.970528971
dcmulti,tbrant,1,infeasible,35,63,0,4.138432923
dcmulti,tbrant,2,infeasible,31,69,0,3.267504172
dcmulti,tbrant,3,infeasible,29,59,0,2.951574034
dcmulti,tbrant,4,infeasible,27,65,0,3.495249145
eil33-2,tbrant,0,infeasible,8019,8165,0,1913.674702
eil33-2,tbrant,1,infeasible,9595,9689,0,1837.282085
eil33-2,tbrant,2,infeasible,10489,10555,0,1504.175467
eil33-2,tbrant,3,infeasible,9623,9633,0,942.443935
eil33-2,tbrant,4,infeasible,7655,7817,0,1144.176745
istanbul-no-cutoff,tbrant,0,infeasible,287,287,0,3583.368181
istanbul-no-cutoff,tbrant,1,infeasible,461,461,0,2976.925215
istanbul-no-cutoff,tbrant,2,infeasible,311,313,0,2973.438745
istanbul-no-cutoff,tbrant,3,infeasible,357,357,0,2030.202811
istanbul-no-cutoff,tbrant,4,infeasible,243,245,0,2426.761518
l152lav,tbrant,0,infeasible,165,165,0,37.10466361
l152lav,tbrant,1,infeasible,379,379,0,33.86572797
l152lav,tbrant,2,infeasible,265,265,0,20.98957635
l152lav,tbrant,3,infeasible,305,305,0,27.21568949
l152lav,tbrant,4,infeasible,371,371,0,19.98317204
lseu,tbrant,0,infeasible,449,451,0,18.7838766
lseu,tbrant,1,infeasible,277,277,0,11.3994941
lseu,tbrant,2,infeasible,174,174,0,7.971992936
lseu,tbrant,3,infeasible,313,313,0,9.401734269
lseu,tbrant,4,infeasible,265,265,0,8.50353874
misc03,tbrant,0,infeasible,1742,1742,0,191.5749105
misc03,tbrant,1,infeasible,857,857,0,120.4941569
misc03,tbrant,2,infeasible,1617,1617,0,135.1262892
misc03,tbrant,3,infeasible,685,685,0,112.1961635
misc03,tbrant,4,infeasible,1586,1590,0,185.7650585
neos20,tbrant,0,infeasible,2043,2043,0,291.0484222
neos20,tbrant,1,infeasible,1538,1538,0,226.886147
neos20,tbrant,2,infeasible,3199,3199,0,511.3027409
neos20,tbrant,3,infeasible,2280,2280,0,377.0872956
neos20,tbrant,4,infeasible,1618,1618,0,266.1889516
neos21,tbrant,0,infeasible,960,960,0,908.7617096
neos21,tbrant,1,infeasible,1228,1228,0,1130.219152
neos21,tbrant,2,infeasible,871,871,0,910.8138746
neos21,tbrant,3,infeasible,943,943,0,1157.660501
neos21,tbrant,4,infeasible,1144,1144,0,1138.830517
neos-476283,tbrant,0,infeasible,7055,7069,0,1844.285175
neos-476283,tbrant,1,infeasible,4129,4145,0,3274.683667
neos-476283,tbrant,2,infeasible,3001,3015,0,3328.656609
neos-476283,tbrant,3,infeasible,3439,3455,0,3200.945634
neos-476283,tbrant,4,infeasible,6739,6753,0,2826.391492
neos648910,tbrant,0,infeasible,27,27,0,37.65205
neos648910,tbrant,1,infeasible,205,205,0,100.30415
neos648910,tbrant,2,infeasible,155,155,0,83.9164
neos648910,tbrant,3,infeasible,117,117,0,94.13725
neos648910,tbrant,4,infeasible,136,136,0,82.73185
pp08aCUTS,tbrant,0,infeasible,237,237,0,4.091469763
pp08aCUTS,tbrant,1,infeasible,251,251,0,4.573965677
pp08aCUTS,tbrant,2,infeasible,251,251,0,6.172099863
pp08aCUTS,tbrant,3,infeasible,211,211,0,4.945003269
pp08aCUTS,tbrant,4,infeasible,353,353,0,6.80243603
rmatr100-p10,tbrant,0,infeasible,1889,1889,0,1203.393679
rmatr100-p10,tbrant,1,infeasible,1677,1677,0,1320.587425
rmatr100-p10,tbrant,2,infeasible,1843,1843,0,1515.86887
rmatr100-p10,tbrant,3,infeasible,1239,1239,0,1292.260277
rmatr100-p10,tbrant,4,infeasible,1179,1179,0,1252.283694
rmatr100-p5,tbrant,0,infeasible,921,921,0,3638.783201
rmatr100-p5,tbrant,1,infeasible,1147,1147,0,3424.201196
rmatr100-p5,tbrant,2,infeasible,1289,1289,0,4867.925389
rmatr100-p5,tbrant,3,infeasible,1289,1289,0,6085.770867
rmatr100-p5,tbrant,4,infeasible,1293,1293,0,4889.813984
rmatr200-p5,tbrant,0,timelimit,721,721,0.253684349,82127.37605
rmatr200-p5,tbrant,1,timelimit,420,420,0.29872963,87700.54511
rmatr200-p5,tbrant,2,timelimit,281,281,0.294742981,89655.2699
rmatr200-p5,tbrant,3,timelimit,302,302,0.301329389,92286.40805
rmatr200-p5,tbrant,4,timelimit,438,438,0.30485775,91913.83439
roi5alpha10n8,tbrant,0,timelimit,1738,1738,0.308634128,98429.09788
roi5alpha10n8,tbrant,1,timelimit,1176,1176,0.32594539,102649.5552
roi5alpha10n8,tbrant,2,timelimit,643,643,0.3436855,108408.9995
roi5alpha10n8,tbrant,3,timelimit,713,713,0.356651381,109738.5315
roi5alpha10n8,tbrant,4,timelimit,687,687,0.359555098,111465.836
sp150x300d,tbrant,0,infeasible,444,444,0,25.04627413
sp150x300d,tbrant,1,infeasible,2922,2922,0,136.1091014
sp150x300d,tbrant,2,infeasible,9447,9447,0,434.3453126
sp150x300d,tbrant,3,infeasible,3179,3179,0,91.57817498
sp150x300d,tbrant,4,infeasible,724,724,0,23.74410975
stein27,tbrant,0,infeasible,2713,2713,0,461.7054398
stein27,tbrant,1,infeasible,2839,2839,0,425.1559428
stein27,tbrant,2,infeasible,2621,2621,0,385.3130609
stein27,tbrant,3,infeasible,2571,2571,0,345.6177747
stein27,tbrant,4,infeasible,2797,2797,0,307.0332033
supportcase7,tbrant,0,infeasible,141,141,0,4059.269511
supportcase7,tbrant,1,infeasible,173,173,0,4918.669415
supportcase7,tbrant,2,infeasible,75,75,0,4131.637127
supportcase7,tbrant,3,infeasible,109,109,0,3411.352997
supportcase7,tbrant,4,infeasible,107,107,0,2950.287986
swath1,tbrant,0,infeasible,1400,1400,0,404.7153857
swath1,tbrant,1,infeasible,1485,1485,0,374.4072284
swath1,tbrant,2,infeasible,1397,1397,0,295.866553
swath1,tbrant,3,infeasible,1427,1427,0,243.4473833
swath1,tbrant,4,infeasible,1672,1672,0,287.7635974
vpm2,tbrant,0,infeasible,399,399,0,27.18070542
vpm2,tbrant,1,infeasible,275,275,0,22.99631091
vpm2,tbrant,2,infeasible,259,259,0,17.68134942
vpm2,tbrant,3,infeasible,266,268,0,17.96805141
vpm2,tbrant,4,infeasible,311,311,0,18.54074444
30n20b8,tree,0,infeasible,17,17,0,8526.237346
30n20b8,tree,1,infeasible,52,52,0,16361.74558
30n20b8,tree,2,infeasible,19,19,0,24169.82421
30n20b8,tree,3,infeasible,22,22,0,28211.57035
30n20b8,tree,4,infeasible,24,24,0,22128.69237
air04,tree,0,infeasible,277,277,0,286.3139612
air04,tree,1,infeasible,133,133,0,1787.30512
air04,tree,2,infeasible,151,151,0,3386.081604
air04,tree,3,infeasible,139,139,0,574.4642183
air04,tree,4,infeasible,157,157,0,4850.922892
air05,tree,0,infeasible,353,353,0,141.4476376
air05,tree,1,infeasible,329,329,0,212.4517916
air05,tree,2,infeasible,211,211,0,284.6919246
air05,tree,3,infeasible,125,125,0,372.8986213
air05,tree,4,infeasible,265,265,0,270.6038378
cod105,tree,0,timelimit,511,511,0.523809524,124243.8016
cod105,tree,1,timelimit,211,211,0.523809524,124490.8846
cod105,tree,2,timelimit,181,181,0.523809524,125088.8025
cod105,tree,3,timelimit,193,193,0.523809524,126084.5643
cod105,tree,4,timelimit,374,374,0.523809524,125319.7686
comp21-2idx,tree,0,timelimit,1224,1224,0.783154275,162055.9361
comp21-2idx,tree,1,timelimit,643,643,0.707719134,161007.3247
comp21-2idx,tree,2,timelimit,747,747,0.779973959,168121.2671
comp21-2idx,tree,3,timelimit,456,456,0.671635539,162768.7518
comp21-2idx,tree,4,timelimit,709,709,0.799762112,170033.3905
dcmulti,tree,0,infeasible,37,69,0,5.515295883
dcmulti,tree,1,infeasible,37,65,0,4.119000238
dcmulti,tree,2,infeasible,33,71,0,4.714814197
dcmulti,tree,3,infeasible,27,57,0,2.975267059
dcmulti,tree,4,infeasible,23,61,0,3.068297281
eil33-2,tree,0,infeasible,8703,8849,0,1274.841968
eil33-2,tree,1,infeasible,8977,9071,0,1009.069461
eil33-2,tree,2,infeasible,11087,11153,0,813.3993022
eil33-2,tree,3,infeasible,10227,10237,0,531.9098761
eil33-2,tree,4,infeasible,7841,8003,0,603.1640726
istanbul-no-cutoff,tree,0,infeasible,351,351,0,3993.881358
istanbul-no-cutoff,tree,1,infeasible,511,511,0,2911.333198
istanbul-no-cutoff,tree,2,infeasible,299,301,0,2440.61382
istanbul-no-cutoff,tree,3,infeasible,277,277,0,2076.145549
istanbul-no-cutoff,tree,4,infeasible,261,263,0,2390.643854
l152lav,tree,0,infeasible,217,217,0,31.63425242
l152lav,tree,1,infeasible,219,219,0,31.34472014
l152lav,tree,2,infeasible,283,283,0,25.17485149
l152lav,tree,3,infeasible,299,299,0,18.24381056
l152lav,tree,4,infeasible,289,289,0,17.72028715
lseu,tree,0,infeasible,341,343,0,8.136505869
lseu,tree,1,infeasible,324,324,0,7.05888056
lseu,tree,2,infeasible,213,213,0,4.563222105
lseu,tree,3,infeasible,320,320,0,5.785832128
lseu,tree,4,infeasible,227,227,0,5.383300547
misc03,tree,0,infeasible,1798,1798,0,91.81473084
misc03,tree,1,infeasible,1036,1036,0,94.64843365
misc03,tree,2,infeasible,1555,1555,0,105.5200405
misc03,tree,3,infeasible,459,459,0,54.78309271
misc03,tree,4,infeasible,1226,1230,0,75.69716046
neos20,tree,0,infeasible,1739,1739,0,183.9785584
neos20,tree,1,infeasible,1029,1029,0,46.64778216
neos20,tree,2,infeasible,1313,1313,0,156.938025
neos20,tree,3,infeasible,1338,1338,0,199.6134619
neos20,tree,4,infeasible,1057,1057,0,116.4819315
neos21,tree,0,infeasible,961,961,0,806.1235514
neos21,tree,1,infeasible,1050,1050,0,817.8932297
neos21,tree,2,infeasible,865,865,0,766.4164146
neos21,tree,3,infeasible,1071,1071,0,1241.914751
neos21,tree,4,infeasible,1054,1054,0,919.7400947
neos-476283,tree,0,infeasible,5285,5299,0,1879.923642
neos-476283,tree,1,infeasible,2931,2947,0,2746.349272
neos-476283,tree,2,infeasible,7239,7253,0,3527.853414
neos-476283,tree,3,infeasible,3597,3613,0,3049.539078
neos-476283,tree,4,infeasible,3245,3259,0,2829.057075
neos648910,tree,0,infeasible,11,11,0,22.5189
neos648910,tree,1,infeasible,83,83,0,42.41285
neos648910,tree,2,infeasible,67,67,0,34.84375
neos648910,tree,3,infeasible,183,183,0,70.014
neos648910,tree,4,infeasible,95,95,0,40.1006
pp08aCUTS,tree,0,infeasible,229,229,0,3.470828479
pp08aCUTS,tree,1,infeasible,256,256,0,5.759336081
pp08aCUTS,tree,2,infeasible,209,209,0,5.556860413
pp08aCUTS,tree,3,infeasible,231,231,0,4.747228361
pp08aCUTS,tree,4,infeasible,324,324,0,6.98346402
rmatr100-p10,tree,0,infeasible,1737,1737,0,1131.973653
rmatr100-p10,tree,1,infeasible,1773,1773,0,1442.500769
rmatr100-p10,tree,2,infeasible,1803,1803,0,1628.419402
rmatr100-p10,tree,3,infeasible,1307,1307,0,1529.906281
rmatr100-p10,tree,4,infeasible,1117,1117,0,1281.368459
rmatr100-p5,tree,0,infeasible,961,961,0,3139.336392
rmatr100-p5,tree,1,infeasible,1175,1175,0,3972.468273
rmatr100-p5,tree,2,infeasible,1417,1417,0,5080.887638
rmatr100-p5,tree,3,infeasible,2077,2077,0,7031.036893
rmatr100-p5,tree,4,infeasible,1133,1133,0,4983.595282
rmatr200-p5,tree,0,timelimit,751,751,0.269899463,84011.81512
rmatr200-p5,tree,1,timelimit,435,435,0.306278697,89811.69954
rmatr200-p5,tree,2,timelimit,270,270,0.29058843,89356.35455
rmatr200-p5,tree,3,timelimit,411,411,0.30911356,92880.43481
rmatr200-p5,tree,4,timelimit,441,441,0.307582979,92990.07983
roi5alpha10n8,tree,0,timelimit,885,885,0.334053703,102079.8228
roi5alpha10n8,tree,1,timelimit,569,569,0.33792499,106156.5365
roi5alpha10n8,tree,2,timelimit,627,627,0.344026632,110101.0877
roi5alpha10n8,tree,3,timelimit,578,578,0.364126187,115033.9705
roi5alpha10n8,tree,4,timelimit,772,772,0.356729563,114416.0733
sp150x300d,tree,0,infeasible,741,741,0,18.12084673
sp150x300d,tree,1,infeasible,9075,9075,0,132.689677
sp150x300d,tree,2,infeasible,355345,355345,0,8449.970694
sp150x300d,tree,3,infeasible,46443,46443,0,439.9038503
sp150x300d,tree,4,infeasible,2037,2037,0,23.69560056
stein27,tree,0,infeasible,2805,2805,0,174.4722008
stein27,tree,1,infeasible,2761,2761,0,182.0713425
stein27,tree,2,infeasible,2871,2871,0,114.4929034
stein27,tree,3,infeasible,2761,2761,0,117.9137719
stein27,tree,4,infeasible,2899,2899,0,111.2543442
supportcase7,tree,0,infeasible,4005,4005,0,4230.731086
supportcase7,tree,1,infeasible,955,955,0,5202.742565
supportcase7,tree,2,infeasible,2114,2114,0,4529.122813
supportcase7,tree,3,infeasible,739,739,0,3935.032894
supportcase7,tree,4,infeasible,439,439,0,3135.569407
swath1,tree,0,infeasible,1630,1630,0,382.7960669
swath1,tree,1,infeasible,3314,3314,0,499.9323725
swath1,tree,2,infeasible,2888,2888,0,327.985891
swath1,tree,3,infeasible,1508,1508,0,203.4984479
swath1,tree,4,infeasible,1911,1911,0,310.442824
vpm2,tree,0,infeasible,243,243,0,18.86682208
vpm2,tree,1,infeasible,200,200,0,17.35306296
vpm2,tree,2,infeasible,225,225,0,14.30360754
vpm2,tree,3,infeasible,329,331,0,16.6097926
vpm2,tree,4,infeasible,316,316,0,17.63547819
30n20b8,ltbrant,0,infeasible,17,17,0,6672.176627
30n20b8,ltbrant,1,infeasible,32,32,0,13447.28333
30n20b8,ltbrant,2,infeasible,19,19,0,18163.03017
30n20b8,ltbrant,3,infeasible,28,28,0,30169.38099
30n20b8,ltbrant,4,infeasible,27,27,0,19318.57816
air04,ltbrant,0,infeasible,181,181,0,287.5273018
air04,ltbrant,1,infeasible,175,175,0,1618.262943
air04,ltbrant,2,infeasible,227,227,0,2539.205284
air04,ltbrant,3,infeasible,165,165,0,567.280417
air04,ltbrant,4,infeasible,181,181,0,3697.97086
air05,ltbrant,0,infeasible,407,407,0,144.5118399
air05,ltbrant,1,infeasible,401,401,0,210.9755416
air05,ltbrant,2,infeasible,241,241,0,272.4719678
air05,ltbrant,3,infeasible,143,143,0,309.3577959
air05,ltbrant,4,infeasible,407,407,0,238.4637436
cod105,ltbrant,0,timelimit,606,606,0.523809524,124337.7622
cod105,ltbrant,1,timelimit,334,334,0.523809524,124461.142
cod105,ltbrant,2,timelimit,195,195,0.523809524,124846.4186
cod105,ltbrant,3,timelimit,211,211,0.523809524,125906.6066
cod105,ltbrant,4,timelimit,390,390,0.523809524,124802.4513
comp21-2idx,ltbrant,0,timelimit,1397,1397,0.80472511,163759.1589
comp21-2idx,ltbrant,1,timelimit,600,600,0.788519637,163783.5405
comp21-2idx,ltbrant,2,timelimit,640,640,0.756090605,165437.2109
comp21-2idx,ltbrant,3,timelimit,621,621,0.647972645,159834.9452
comp21-2idx,ltbrant,4,timelimit,840,840,0.665163457,162115.6576
dcmulti,ltbrant,0,infeasible,47,79,0,4.694027993
dcmulti,ltbrant,1,infeasible,39,67,0,6.906457155
dcmulti,ltbrant,2,infeasible,39,77,0,3.251715211
dcmulti,ltbrant,3,infeasible,27,57,0,2.914707432
dcmulti,ltbrant,4,infeasible,21,59,0,6.916937158
eil33-2,ltbrant,0,infeasible,8467,8613,0,1313.343761
eil33-2,ltbrant,1,infeasible,9071,9165,0,1076.446586
eil33-2,ltbrant,2,infeasible,10315,10381,0,926.5848904
eil33-2,ltbrant,3,infeasible,9407,9417,0,549.96117
eil33-2,ltbrant,4,infeasible,7573,7735,0,610.7458811
istanbul-no-cutoff,ltbrant,0,infeasible,321,321,0,3369.902362
istanbul-no-cutoff,ltbrant,1,infeasible,473,473,0,3019.153182
istanbul-no-cutoff,ltbrant,2,infeasible,275,277,0,3078.74255
istanbul-no-cutoff,ltbrant,3,infeasible,403,403,0,2054.0433
istanbul-no-cutoff,ltbrant,4,infeasible,239,241,0,2300.201386
l152lav,ltbrant,0,infeasible,177,177,0,28.49277606
l152lav,ltbrant,1,infeasible,225,225,0,30.23153605
l152lav,ltbrant,2,infeasible,302,302,0,20.41064853
l152lav,ltbrant,3,infeasible,209,209,0,17.93139343
l152lav,ltbrant,4,infeasible,229,229,0,18.51205075
lseu,ltbrant,0,infeasible,428,430,0,10.124316
lseu,ltbrant,1,infeasible,364,364,0,9.658855689
lseu,ltbrant,2,infeasible,151,151,0,4.363560216
lseu,ltbrant,3,infeasible,403,403,0,9.09545599
lseu,ltbrant,4,infeasible,295,295,0,5.082832475
misc03,ltbrant,0,infeasible,1071,1071,0,88.32196864
misc03,ltbrant,1,infeasible,742,742,0,75.59235508
misc03,ltbrant,2,infeasible,1832,1832,0,148.4679329
misc03,ltbrant,3,infeasible,863,863,0,86.95217109
misc03,ltbrant,4,infeasible,1556,1560,0,95.07656761
neos20,ltbrant,0,infeasible,1909,1909,0,174.5344457
neos20,ltbrant,1,infeasible,940,940,0,118.6277765
neos20,ltbrant,2,infeasible,1746,1746,0,235.6809011
neos20,ltbrant,3,infeasible,1547,1547,0,239.1946746
neos20,ltbrant,4,infeasible,1718,1718,0,134.6314504
neos21,ltbrant,0,infeasible,918,918,0,816.0456537
neos21,ltbrant,1,infeasible,862,862,0,870.6164454
neos21,ltbrant,2,infeasible,719,719,0,662.0655993
neos21,ltbrant,3,infeasible,776,776,0,908.0847986
neos21,ltbrant,4,infeasible,1212,1212,0,945.4060959
neos-476283,ltbrant,0,infeasible,4227,4241,0,1778.459094
neos-476283,ltbrant,1,infeasible,4001,4017,0,3178.826598
neos-476283,ltbrant,2,infeasible,3269,3283,0,3789.760089
neos-476283,ltbrant,3,infeasible,2401,2417,0,3141.966098
neos-476283,ltbrant,4,infeasible,3345,3359,0,2684.968015
neos648910,ltbrant,0,infeasible,33,33,0,25.30605
neos648910,ltbrant,1,infeasible,95,95,0,50.1192
neos648910,ltbrant,2,infeasible,85,85,0,59.8208
neos648910,ltbrant,3,infeasible,73,73,0,69.2013
neos648910,ltbrant,4,infeasible,112,112,0,44.698
pp08aCUTS,ltbrant,0,infeasible,251,251,0,3.587741019
pp08aCUTS,ltbrant,1,infeasible,277,277,0,4.250553954
pp08aCUTS,ltbrant,2,infeasible,263,263,0,6.275183119
pp08aCUTS,ltbrant,3,infeasible,197,197,0,4.43174819
pp08aCUTS,ltbrant,4,infeasible,329,329,0,5.623054994
rmatr100-p10,ltbrant,0,infeasible,1802,1802,0,1138.211488
rmatr100-p10,ltbrant,1,infeasible,1695,1695,0,1238.055024
rmatr100-p10,ltbrant,2,infeasible,1645,1645,0,1545.316249
rmatr100-p10,ltbrant,3,infeasible,1279,1279,0,1266.203745
rmatr100-p10,ltbrant,4,infeasible,1127,1127,0,1218.355527
rmatr100-p5,ltbrant,0,infeasible,1003,1003,0,3341.450005
rmatr100-p5,ltbrant,1,infeasible,1023,1023,0,4035.558834
rmatr100-p5,ltbrant,2,infeasible,1489,1489,0,5108.710094
rmatr100-p5,ltbrant,3,infeasible,1733,1733,0,6165.710944
rmatr100-p5,ltbrant,4,infeasible,1193,1193,0,5030.175698
rmatr200-p5,ltbrant,0,timelimit,768,768,0.27447249,84222.56155
rmatr200-p5,ltbrant,1,timelimit,483,483,0.301243928,89458.97046
rmatr200-p5,ltbrant,2,timelimit,410,410,0.306044245,92111.46117
rmatr200-p5,ltbrant,3,timelimit,295,295,0.303643414,92651.5173
rmatr200-p5,ltbrant,4,timelimit,421,421,0.307018341,92449.81014
roi5alpha10n8,ltbrant,0,timelimit,1632,1632,0.324341647,100051.4526
roi5alpha10n8,ltbrant,1,timelimit,1491,1491,0.333652904,103822.0857
roi5alpha10n8,ltbrant,2,timelimit,610,610,0.329988286,105072.958
roi5alpha10n8,ltbrant,3,timelimit,482,482,0.370623882,117104.1478
roi5alpha10n8,ltbrant,4,timelimit,1484,1484,0.350876305,111446.3192
sp150x300d,ltbrant,0,infeasible,1018,1018,0,26.95442107
sp150x300d,ltbrant,1,infeasible,424,424,0,17.18877882
sp150x300d,ltbrant,2,infeasible,15751,15751,0,243.9478041
sp150x300d,ltbrant,3,infeasible,895,895,0,20.69628499
sp150x300d,ltbrant,4,infeasible,713,713,0,15.32060131
stein27,ltbrant,0,infeasible,2761,2761,0,253.3623605
stein27,ltbrant,1,infeasible,2959,2959,0,233.3643593
stein27,ltbrant,2,infeasible,2831,2831,0,163.6154308
stein27,ltbrant,3,infeasible,2685,2685,0,146.9978162
stein27,ltbrant,4,infeasible,2685,2685,0,139.0609562
supportcase7,ltbrant,0,infeasible,159,159,0,4163.17204
supportcase7,ltbrant,1,infeasible,241,241,0,5642.759317
supportcase7,ltbrant,2,infeasible,95,95,0,4204.477997
supportcase7,ltbrant,3,infeasible,147,147,0,4446.283566
supportcase7,ltbrant,4,infeasible,118,118,0,3228.649742
swath1,ltbrant,0,infeasible,1150,1150,0,344.750024
swath1,ltbrant,1,infeasible,1356,1356,0,500.4492496
swath1,ltbrant,2,infeasible,1116,1116,0,298.030993
swath1,ltbrant,3,infeasible,1392,1392,0,235.6863802
swath1,ltbrant,4,infeasible,1419,1419,0,236.4121813
vpm2,ltbrant,0,infeasible,357,357,0,21.29638276
vpm2,ltbrant,1,infeasible,243,243,0,18.31149943
vpm2,ltbrant,2,infeasible,229,229,0,14.85847713
vpm2,ltbrant,3,infeasible,375,377,0,19.48477727
vpm2,ltbrant,4,infeasible,267,267,0,16.17744904
30n20b8,brant,0,infeasible,9,9,0,5438.420778
30n20b8,brant,1,infeasible,11,11,0,7887.91222
30n20b8,brant,2,infeasible,8,8,0,13085.30165
30n20b8,brant,3,infeasible,21,21,0,19608.98456
30n20b8,brant,4,infeasible,26,26,0,17869.92464
air04,brant,0,infeasible,195,195,0,323.5402729
air04,brant,1,infeasible,191,191,0,1355.15276
air04,brant,2,infeasible,205,205,0,1404.812286
air04,brant,3,infeasible,163,163,0,462.2942076
air04,brant,4,infeasible,231,231,0,4044.399001
air05,brant,0,infeasible,415,415,0,168.3149779
air05,brant,1,infeasible,383,383,0,172.3294593
air05,brant,2,infeasible,247,247,0,231.5630261
air05,brant,3,infeasible,141,141,0,216.5556685
air05,brant,4,infeasible,361,361,0,313.2683908
cod105,brant,0,timelimit,1151,1151,0.518731782,124068.907
cod105,brant,1,timelimit,473,473,0.523809524,124309.1989
cod105,brant,2,timelimit,275,275,0.523809524,124570.9073
cod105,brant,3,timelimit,157,157,0.523809524,125214.6338
cod105,brant,4,timelimit,207,207,0.523809524,124762.1141
comp21-2idx,brant,0,timelimit,1312,1312,0.768924303,162965.8171
comp21-2idx,brant,1,timelimit,726,726,0.766094369,161573.2305
comp21-2idx,brant,2,timelimit,613,613,0.725320639,161544.11
comp21-2idx,brant,3,timelimit,812,812,0.711089344,157143.9587
comp21-2idx,brant,4,timelimit,1009,1009,0.70725025,160055.3539
dcmulti,brant,0,infeasible,35,67,0,10.7891335
dcmulti,brant,1,infeasible,35,63,0,7.698893012
dcmulti,brant,2,infeasible,29,67,0,4.726645593
dcmulti,brant,3,infeasible,27,57,0,5.058286737
dcmulti,brant,4,infeasible,23,61,0,4.770620859
eil33-2,brant,0,infeasible,9567,9713,0,2063.090496
eil33-2,brant,1,infeasible,9315,9409,0,1625.323246
eil33-2,brant,2,infeasible,10699,10765,0,1721.745242
eil33-2,brant,3,infeasible,8891,8901,0,1175.462367
eil33-2,brant,4,infeasible,7915,8077,0,1344.352581
istanbul-no-cutoff,brant,0,infeasible,285,285,0,4577.039481
istanbul-no-cutoff,brant,1,infeasible,409,409,0,5344.99248
istanbul-no-cutoff,brant,2,infeasible,291,293,0,5896.24316
istanbul-no-cutoff,brant,3,infeasible,261,261,0,4467.553735
istanbul-no-cutoff,brant,4,infeasible,243,245,0,4613.488072
l152lav,brant,0,infeasible,133,133,0,48.99272619
l152lav,brant,1,infeasible,417,417,0,40.57517747
l152lav,brant,2,infeasible,293,293,0,31.44170752
l152lav,brant,3,infeasible,239,239,0,44.74450432
l152lav,brant,4,infeasible,349,349,0,33.39998239
lseu,brant,0,infeasible,428,430,0,19.82768678
lseu,brant,1,infeasible,327,327,0,11.74151269
lseu,brant,2,infeasible,169,169,0,10.26695163
lseu,brant,3,infeasible,333,333,0,12.18494177
lseu,brant,4,infeasible,295,295,0,10.10977762
misc03,brant,0,infeasible,1287,1287,0,146.6303856
misc03,brant,1,infeasible,791,791,0,92.25422586
misc03,brant,2,infeasible,1594,1594,0,129.0306818
misc03,brant,3,infeasible,623,623,0,53.75398601
misc03,brant,4,infeasible,1467,1471,0,125.8795689
neos20,brant,0,infeasible,1068,1068,0,145.4113359
neos20,brant,1,infeasible,1907,1907,0,218.9055575
neos20,brant,2,infeasible,1650,1650,0,216.1463541
neos20,brant,3,infeasible,1430,1430,0,189.5945289
neos20,brant,4,infeasible,1058,1058,0,137.5443302
neos21,brant,0,infeasible,1134,1134,0,1183.066339
neos21,brant,1,infeasible,861,861,0,961.5490104
neos21,brant,2,infeasible,872,872,0,971.968536
neos21,brant,3,infeasible,1049,1049,0,1180.539225
neos21,brant,4,infeasible,1151,1151,0,898.4297702
neos-476283,brant,0,infeasible,4029,4043,0,2701.031171
neos-476283,brant,1,infeasible,2505,2521,0,2991.534454
neos-476283,brant,2,infeasible,2539,2553,0,3523.217698
neos-476283,brant,3,infeasible,3267,3283,0,2641.337815
neos-476283,brant,4,infeasible,2893,2907,0,2530.321465
neos648910,brant,0,infeasible,23,23,0,34.39685
neos648910,brant,1,infeasible,51,51,0,40.47
neos648910,brant,2,infeasible,95,95,0,44.5741
neos648910,brant,3,infeasible,161,161,0,55.22495
neos648910,brant,4,infeasible,43,43,0,30.79225
pp08aCUTS,brant,0,infeasible,255,255,0,5.965727568
pp08aCUTS,brant,1,infeasible,285,285,0,3.829367896
pp08aCUTS,brant,2,infeasible,219,219,0,4.969073344
pp08aCUTS,brant,3,infeasible,207,207,0,3.388901914
pp08aCUTS,brant,4,infeasible,365,365,0,5.035349278
rmatr100-p10,brant,0,infeasible,1363,1363,0,958.2674784
rmatr100-p10,brant,1,infeasible,1863,1863,0,1301.27103
rmatr100-p10,brant,2,infeasible,1719,1719,0,1183.504127
rmatr100-p10,brant,3,infeasible,1201,1201,0,949.5092856
rmatr100-p10,brant,4,infeasible,1185,1185,0,892.2421834
rmatr100-p5,brant,0,infeasible,985,985,0,3086.750393
rmatr100-p5,brant,1,infeasible,1165,1165,0,3539.72718
rmatr100-p5,brant,2,infeasible,1493,1493,0,3832.512984
rmatr100-p5,brant,3,infeasible,1465,1465,0,4451.445094
rmatr100-p5,brant,4,infeasible,963,963,0,3839.85756
rmatr200-p5,brant,0,timelimit,1019,1019,0.280160836,85790.62599
rmatr200-p5,brant,1,timelimit,908,908,0.261027888,82628.66682
rmatr200-p5,brant,2,timelimit,701,701,0.264284646,84406.48222
rmatr200-p5,brant,3,timelimit,947,947,0.284381587,87636.01126
rmatr200-p5,brant,4,timelimit,809,809,0.291823602,88336.93973
roi5alpha10n8,brant,0,timelimit,3013,3013,0.307875831,97078.74742
roi5alpha10n8,brant,1,timelimit,2001,2001,0.30026313,98941.36874
roi5alpha10n8,brant,2,timelimit,844,844,0.341145429,104687.7134
roi5alpha10n8,brant,3,timelimit,1401,1401,0.33650707,106271.5219
roi5alpha10n8,brant,4,timelimit,2354,2354,0.338691538,104312.8875
sp150x300d,brant,0,infeasible,1241,1241,0,31.34634601
sp150x300d,brant,1,infeasible,633,633,0,12.3032049
sp150x300d,brant,2,infeasible,5824,5824,0,88.12608597
sp150x300d,brant,3,infeasible,2416,2416,0,54.2326935
sp150x300d,brant,4,infeasible,252,252,0,10.83395831
stein27,brant,0,infeasible,2605,2605,0,204.7498717
stein27,brant,1,infeasible,2779,2779,0,150.6178692
stein27,brant,2,infeasible,2673,2673,0,171.842302
stein27,brant,3,infeasible,2653,2653,0,158.4752045
stein27,brant,4,infeasible,2629,2629,0,157.7637289
supportcase7,brant,0,infeasible,139,139,0,3395.22375
supportcase7,brant,1,infeasible,207,207,0,4004.610093
supportcase7,brant,2,infeasible,137,137,0,4143.076172
supportcase7,brant,3,infeasible,343,343,0,4069.846249
supportcase7,brant,4,infeasible,207,207,0,4029.365667
swath1,brant,0,infeasible,1318,1318,0,340.5291154
swath1,brant,1,infeasible,1376,1376,0,281.5074016
swath1,brant,2,infeasible,1900,1900,0,342.2182257
swath1,brant,3,infeasible,1557,1557,0,276.5574976
swath1,brant,4,infeasible,1823,1823,0,325.6871867
vpm2,brant,0,infeasible,400,400,0,25.67408751
vpm2,brant,1,infeasible,177,177,0,13.09911358
vpm2,brant,2,infeasible,327,327,0,14.55840515
vpm2,brant,3,infeasible,269,271,0,20.37908037
vpm2,brant,4,infeasible,385,385,0,18.67906316
30n20b8,pscost,0,infeasible,29,29,0,10160.27589
30n20b8,pscost,1,infeasible,90,90,0,24853.02565
30n20b8,pscost,2,infeasible,5,5,0,23053.1023
30n20b8,pscost,3,infeasible,36,36,0,23026.60161
30n20b8,pscost,4,infeasible,168,168,0,32103.30614
30n20b8,relpscost,0,infeasible,13,21,0,14457.80955
30n20b8,relpscost,1,infeasible,22,44,0,30156.10644
30n20b8,relpscost,2,infeasible,14,14,0,31228.79774
30n20b8,relpscost,3,infeasible,9,23,0,27586.30823
30n20b8,relpscost,4,infeasible,13,35,0,22196.92515
30n20b8,random,0,infeasible,31,31,0,11087.6178
30n20b8,random,1,infeasible,174,174,0,27715.549
30n20b8,random,2,infeasible,63,63,0,29739.27469
30n20b8,random,3,infeasible,40,40,0,25355.90491
30n20b8,random,4,infeasible,58,58,0,18743.789
air04,pscost,0,infeasible,795,795,0,420.7228335
air04,pscost,1,infeasible,791,791,0,3748.801709
air04,pscost,2,infeasible,683,683,0,4777.95563
air04,pscost,3,infeasible,836,836,0,674.6537322
air04,pscost,4,infeasible,791,791,0,2612.103676
air04,relpscost,0,infeasible,7,115,0,435.4337272
air04,relpscost,1,infeasible,11,103,0,3810.274348
air04,relpscost,2,infeasible,7,67,0,4315.951814
air04,relpscost,3,infeasible,9,169,0,575.0812929
air04,relpscost,4,infeasible,7,131,0,2717.340049
air04,random,0,infeasible,1675,1675,0,396.522065
air04,random,1,infeasible,19247,19247,0,4852.042659
air04,random,2,infeasible,7031,7031,0,4122.627376
air04,random,3,infeasible,7628,7628,0,552.2879013
air04,random,4,infeasible,7459,7459,0,2850.103819
air05,pscost,0,infeasible,1489,1489,0,230.1398473
air05,pscost,1,infeasible,1439,1439,0,340.1644724
air05,pscost,2,infeasible,1135,1135,0,378.919108
air05,pscost,3,infeasible,605,605,0,347.7760922
air05,pscost,4,infeasible,1385,1385,0,240.1204784
air05,relpscost,0,infeasible,41,305,0,237.2868406
air05,relpscost,1,infeasible,59,255,0,345.4399815
air05,relpscost,2,infeasible,85,319,0,317.1891639
air05,relpscost,3,infeasible,49,295,0,365.7005396
air05,relpscost,4,infeasible,71,221,0,303.3321179
air05,random,0,infeasible,7986,7986,0,264.1512893
air05,random,1,infeasible,16628,16628,0,443.8884689
air05,random,2,infeasible,9647,9647,0,483.7459333
air05,random,3,infeasible,9359,9359,0,409.3872695
air05,random,4,infeasible,27300,27300,0,571.8101123
cod105,pscost,0,timelimit,259,259,0.523809524,124609.7418
cod105,pscost,1,timelimit,232,232,0.523809524,124964.0461
cod105,pscost,2,timelimit,284,284,0.523809524,125383.5509
cod105,pscost,3,timelimit,766,766,0.523809524,125879.9183
cod105,pscost,4,timelimit,1184,1184,0.514897031,124629.6491
cod105,relpscost,0,timelimit,182,182,0.523809524,124560.5426
cod105,relpscost,1,timelimit,163,163,0.523809524,125152.7446
cod105,relpscost,2,timelimit,220,220,0.523809524,125378.6366
cod105,relpscost,3,timelimit,297,297,0.523809524,125833.4691
cod105,relpscost,4,timelimit,403,403,0.523809524,124741.2419
cod105,random,0,timelimit,269,269,0.523809524,124648.122
cod105,random,1,timelimit,257,257,0.523809524,125252.9824
cod105,random,2,timelimit,327,327,0.523809524,125088.7813
cod105,random,3,timelimit,521,521,0.523809524,125754.9178
cod105,random,4,timelimit,979,979,0.523809524,124786.1077
comp21-2idx,pscost,0,timelimit,903,903,0.815461171,166899.2629
comp21-2idx,pscost,1,timelimit,393,393,0.756011247,166790.9261
comp21-2idx,pscost,2,timelimit,625,625,0.777110369,169619.5415
comp21-2idx,pscost,3,timelimit,863,863,0.731656112,163940.6197
comp21-2idx,pscost,4,timelimit,2001,2001,0.602427289,156289.5678
comp21-2idx,relpscost,0,timelimit,377,377,0.766159966,164575.2819
comp21-2idx,relpscost,1,timelimit,253,253,0.761904762,167891.3073
comp21-2idx,relpscost,2,timelimit,498,516,0.593916818,153514.396
comp21-2idx,relpscost,3,timelimit,652,686,0.6207722,155848.807
comp21-2idx,relpscost,4,timelimit,1148,1378,0.551010707,149236.5107
comp21-2idx,random,0,timelimit,1885,1885,0.716377837,159350.6396
comp21-2idx,random,1,timelimit,738,738,0.720697838,163631.7205
comp21-2idx,random,2,timelimit,1078,1078,0.797476381,167974.7386
comp21-2idx,random,3,timelimit,1072,1072,0.663514412,158068.0174
comp21-2idx,random,4,timelimit,1112,1112,0.752392669,165346.1364
dcmulti,pscost,0,infeasible,117,117,0,3.687683329
dcmulti,pscost,1,infeasible,93,93,0,3.359428098
dcmulti,pscost,2,infeasible,189,189,0,3.286722831
dcmulti,pscost,3,infeasible,113,113,0,2.729381073
dcmulti,pscost,4,infeasible,111,111,0,3.720160672
dcmulti,relpscost,0,infeasible,9,65,0,4.081329516
dcmulti,relpscost,1,infeasible,13,71,0,3.520687946
dcmulti,relpscost,2,infeasible,9,87,0,2.992854342
dcmulti,relpscost,3,infeasible,7,63,0,4.112340088
dcmulti,relpscost,4,infeasible,9,57,0,3.07341675
dcmulti,random,0,infeasible,917,917,0,4.158284051
dcmulti,random,1,infeasible,733,733,0,3.27319671
dcmulti,random,2,infeasible,337,337,0,2.875451584
dcmulti,random,3,infeasible,439,439,0,3.213481012
dcmulti,random,4,infeasible,737,737,0,4.073621553
eil33-2,pscost,0,infeasible,8599,8599,0,396.6810849
eil33-2,pscost,1,infeasible,7715,7715,0,333.8815025
eil33-2,pscost,2,infeasible,8347,8347,0,282.12904
eil33-2,pscost,3,infeasible,8863,8863,0,265.1996644
eil33-2,pscost,4,infeasible,8209,8209,0,318.9503622
eil33-2,relpscost,0,infeasible,395,9967,0,694.3183676
eil33-2,relpscost,1,infeasible,1609,9973,0,633.8431936
eil33-2,relpscost,2,infeasible,303,8017,0,489.366641
eil33-2,relpscost,3,infeasible,447,9455,0,365.6391456
eil33-2,relpscost,4,infeasible,699,11211,0,649.3453258
eil33-2,random,0,infeasible,12377,12377,0,497.0992159
eil33-2,random,1,infeasible,13119,13119,0,431.3891207
eil33-2,random,2,infeasible,13055,13055,0,346.5432131
eil33-2,random,3,infeasible,12445,12445,0,323.9716651
eil33-2,random,4,infeasible,11577,11577,0,358.0832233
istanbul-no-cutoff,pscost,0,infeasible,889,889,0,3486.327355
istanbul-no-cutoff,pscost,1,infeasible,609,609,0,2859.392576
istanbul-no-cutoff,pscost,2,infeasible,515,515,0,2408.692848
istanbul-no-cutoff,pscost,3,infeasible,605,605,0,2668.86526
istanbul-no-cutoff,pscost,4,infeasible,509,509,0,2458.16908
istanbul-no-cutoff,relpscost,0,infeasible,285,383,0,3305.087848
istanbul-no-cutoff,relpscost,1,infeasible,233,321,0,2505.743349
istanbul-no-cutoff,relpscost,2,infeasible,207,295,0,2899.486125
istanbul-no-cutoff,relpscost,3,infeasible,259,361,0,2844.293665
istanbul-no-cutoff,relpscost,4,infeasible,233,289,0,3250.32818
istanbul-no-cutoff,random,0,infeasible,1659,1659,0,5075.158869
istanbul-no-cutoff,random,1,infeasible,1261,1261,0,3234.98774
istanbul-no-cutoff,random,2,infeasible,723,723,0,2228.873583
istanbul-no-cutoff,random,3,infeasible,1183,1183,0,3244.945277
istanbul-no-cutoff,random,4,infeasible,825,825,0,3155.336756
l152lav,pscost,0,infeasible,762,762,0,27.48115465
l152lav,pscost,1,infeasible,1228,1228,0,27.6749994
l152lav,pscost,2,infeasible,1246,1246,0,29.05274099
l152lav,pscost,3,infeasible,769,769,0,20.36089134
l152lav,pscost,4,infeasible,921,921,0,22.69855978
l152lav,relpscost,0,infeasible,5,205,0,23.25641267
l152lav,relpscost,1,infeasible,15,363,0,24.32630649
l152lav,relpscost,2,infeasible,11,239,0,18.57902561
l152lav,relpscost,3,infeasible,7,211,0,17.94784772
l152lav,relpscost,4,infeasible,13,253,0,21.43875803
l152lav,random,0,infeasible,7677,7677,0,35.83082212
l152lav,random,1,infeasible,8910,8910,0,40.22763773
l152lav,random,2,infeasible,2490,2490,0,25.58244098
l152lav,random,3,infeasible,9350,9350,0,41.58370078
l152lav,random,4,infeasible,9020,9020,0,38.80110773
lseu,pscost,0,infeasible,556,556,0,3.072540572
lseu,pscost,1,infeasible,350,350,0,1.876465977
lseu,pscost,2,infeasible,325,325,0,1.795634792
lseu,pscost,3,infeasible,392,392,0,1.612285412
lseu,pscost,4,infeasible,293,293,0,1.981527815
lseu,relpscost,0,infeasible,282,562,0,2.980848714
lseu,relpscost,1,infeasible,173,433,0,2.13294623
lseu,relpscost,2,infeasible,101,303,0,2.218782551
lseu,relpscost,3,infeasible,102,300,0,1.880136129
lseu,relpscost,4,infeasible,126,396,0,2.119275096
lseu,random,0,infeasible,485,485,0,3.185803499
lseu,random,1,infeasible,469,469,0,2.133919711
lseu,random,2,infeasible,373,373,0,3.185174467
lseu,random,3,infeasible,301,301,0,1.623040928
lseu,random,4,infeasible,379,379,0,2.384820759
misc03,pscost,0,infeasible,645,645,0,26.31646993
misc03,pscost,1,infeasible,640,640,0,27.68118181
misc03,pscost,2,infeasible,481,481,0,20.08096728
misc03,pscost,3,infeasible,422,422,0,19.28529281
misc03,pscost,4,infeasible,527,527,0,19.53751791
misc03,relpscost,0,infeasible,17,401,0,25.612501
misc03,relpscost,1,infeasible,35,579,0,36.19906128
misc03,relpscost,2,infeasible,15,429,0,23.95594545
misc03,relpscost,3,infeasible,21,467,0,30.3789862
misc03,relpscost,4,infeasible,41,577,0,37.55112569
misc03,random,0,infeasible,958,958,0,27.18124349
misc03,random,1,infeasible,1319,1319,0,36.28519408
misc03,random,2,infeasible,958,958,0,34.36386991
misc03,random,3,infeasible,1129,1129,0,27.91150281
misc03,random,4,infeasible,924,924,0,31.27793552
neos20,pscost,0,infeasible,2987,2987,0,213.0908929
neos20,pscost,1,infeasible,3497,3497,0,272.034383
neos20,pscost,2,infeasible,2900,2900,0,149.5029055
neos20,pscost,3,infeasible,3762,3762,0,201.9091102
neos20,pscost,4,infeasible,1311,1311,0,70.90455562
neos20,relpscost,0,infeasible,238,758,0,86.37102554
neos20,relpscost,1,infeasible,17,393,0,61.16129961
neos20,relpscost,2,infeasible,317,489,0,70.2077616
neos20,relpscost,3,infeasible,1187,1613,0,130.4248404
neos20,relpscost,4,infeasible,15,331,0,50.04621239
neos20,random,0,infeasible,12559,12559,0,220.502028
neos20,random,1,infeasible,11284,11284,0,438.6221741
neos20,random,2,infeasible,10649,10649,0,107.6164063
neos20,random,3,infeasible,9175,9175,0,140.0694337
neos20,random,4,infeasible,7395,7395,0,241.7327402
neos21,pscost,0,infeasible,1407,1407,0,763.8737117
neos21,pscost,1,infeasible,1743,1743,0,1120.238191
neos21,pscost,2,infeasible,1327,1327,0,846.8666269
neos21,pscost,3,infeasible,1978,1978,0,1058.532249
neos21,pscost,4,infeasible,1336,1336,0,777.6137613
neos21,relpscost,0,infeasible,703,1425,0,887.616199
neos21,relpscost,1,infeasible,742,1646,0,1012.898801
neos21,relpscost,2,infeasible,624,1258,0,791.841049
neos21,relpscost,3,infeasible,673,1813,0,919.92448
neos21,relpscost,4,infeasible,761,1615,0,953.9548229
neos21,random,0,infeasible,9258,9258,0,2080.508984
neos21,random,1,infeasible,8381,8381,0,2137.172814
neos21,random,2,infeasible,6631,6631,0,1662.375507
neos21,random,3,infeasible,8674,8674,0,1992.771044
neos21,random,4,infeasible,6408,6408,0,1575.524819
neos-476283,pscost,0,infeasible,1389,1389,0,2220.57379
neos-476283,pscost,1,infeasible,1861,1861,0,3616.407939
neos-476283,pscost,2,infeasible,1971,1971,0,3622.416379
neos-476283,pscost,3,infeasible,2333,2333,0,3657.460579
neos-476283,pscost,4,infeasible,2193,2193,0,3312.302758
neos-476283,relpscost,0,infeasible,125,797,0,2376.527452
neos-476283,relpscost,1,infeasible,319,853,0,3602.498241
neos-476283,relpscost,2,infeasible,205,849,0,3363.966046
neos-476283,relpscost,3,infeasible,215,757,0,2941.444659
neos-476283,relpscost,4,infeasible,131,429,0,3506.078092
neos-476283,random,0,timelimit,119740,119740,0.000228889,2289.48969
neos-476283,random,1,timelimit,103775,103775,0.00021393,3651.737365
neos-476283,random,2,timelimit,100989,100989,0.0002412,3964.76926
neos-476283,random,3,timelimit,90342,90342,0.000223474,3297.608644
neos-476283,random,4,timelimit,82282,82282,0.000251382,3013.740494
neos648910,pscost,0,infeasible,1868,1868,0,59.33405
neos648910,pscost,1,infeasible,1900,1900,0,57.8951
neos648910,pscost,2,infeasible,3015,3015,0,97.97105
neos648910,pscost,3,infeasible,1274,1274,0,45.966
neos648910,pscost,4,infeasible,3756,3756,0,111.7903
neos648910,relpscost,0,infeasible,3,23,0,10.80635
neos648910,relpscost,1,infeasible,45,275,0,33.99295
neos648910,relpscost,2,infeasible,79,263,0,30.8627
neos648910,relpscost,3,infeasible,55,257,0,29.0048
neos648910,relpscost,4,infeasible,29,125,0,22.02035
neos648910,random,0,infeasible,2189,2189,0,62.1855
neos648910,random,1,infeasible,2394,2394,0,82.18335
neos648910,random,2,infeasible,942,942,0,36.91655
neos648910,random,3,infeasible,1824,1824,0,50.0251
neos648910,random,4,infeasible,1086,1086,0,43.73685
pp08aCUTS,pscost,0,infeasible,313,313,0,3.716842344
pp08aCUTS,pscost,1,infeasible,259,259,0,4.07642001
pp08aCUTS,pscost,2,infeasible,305,305,0,5.518946572
pp08aCUTS,pscost,3,infeasible,197,197,0,4.364134255
pp08aCUTS,pscost,4,infeasible,299,299,0,4.180459371
pp08aCUTS,relpscost,0,infeasible,53,331,0,3.901817265
pp08aCUTS,relpscost,1,infeasible,55,323,0,5.864635294
pp08aCUTS,relpscost,2,infeasible,83,391,0,7.273397359
pp08aCUTS,relpscost,3,infeasible,55,335,0,4.564445848
pp08aCUTS,relpscost,4,infeasible,109,375,0,4.640850855
pp08aCUTS,random,0,infeasible,340,340,0,3.861906484
pp08aCUTS,random,1,infeasible,469,469,0,4.567823221
pp08aCUTS,random,2,infeasible,320,320,0,4.876092778
pp08aCUTS,random,3,infeasible,291,291,0,3.987724439
pp08aCUTS,random,4,infeasible,291,291,0,4.706653431
rmatr100-p10,pscost,0,infeasible,825,825,0,995.049644
rmatr100-p10,pscost,1,infeasible,919,919,0,1165.112533
rmatr100-p10,pscost,2,infeasible,909,909,0,1355.548315
rmatr100-p10,pscost,3,infeasible,889,889,0,1434.141344
rmatr100-p10,pscost,4,infeasible,935,935,0,1073.439423
rmatr100-p10,relpscost,0,infeasible,809,1249,0,1675.239488
rmatr100-p10,relpscost,1,infeasible,769,1177,0,1824.731466
rmatr100-p10,relpscost,2,infeasible,805,1203,0,2280.207001
rmatr100-p10,relpscost,3,infeasible,833,1277,0,2093.332956
rmatr100-p10,relpscost,4,infeasible,817,1171,0,1864.830308
rmatr100-p10,random,0,infeasible,4403,4403,0,3011.720828
rmatr100-p10,random,1,infeasible,4819,4819,0,3687.728162
rmatr100-p10,random,2,infeasible,4943,4943,0,4102.617603
rmatr100-p10,random,3,infeasible,5133,5133,0,4466.456244
rmatr100-p10,random,4,infeasible,5523,5523,0,3942.435514
rmatr100-p5,pscost,0,infeasible,453,453,0,2424.770446
rmatr100-p5,pscost,1,infeasible,437,437,0,2784.70863
rmatr100-p5,pscost,2,infeasible,445,445,0,3411.521148
rmatr100-p5,pscost,3,infeasible,461,461,0,3213.80126
rmatr100-p5,pscost,4,infeasible,463,463,0,2806.686774
rmatr100-p5,relpscost,0,infeasible,397,891,0,3724.943947
rmatr100-p5,relpscost,1,infeasible,421,817,0,4544.786052
rmatr100-p5,relpscost,2,infeasible,439,721,0,4788.699663
rmatr100-p5,relpscost,3,infeasible,393,661,0,4731.0603
rmatr100-p5,relpscost,4,infeasible,411,857,0,4323.465699
rmatr100-p5,random,0,infeasible,1645,1645,0,5072.609456
rmatr100-p5,random,1,infeasible,1657,1657,0,6391.542848
rmatr100-p5,random,2,infeasible,1969,1969,0,8545.340973
rmatr100-p5,random,3,infeasible,1903,1903,0,7876.825567
rmatr100-p5,random,4,infeasible,1861,1861,0,7027.690281
rmatr200-p5,pscost,0,timelimit,328,328,0.325193415,92931.36398
rmatr200-p5,pscost,1,timelimit,243,243,0.318130602,91428.80939
rmatr200-p5,pscost,2,timelimit,253,253,0.309733557,92078.7335
rmatr200-p5,pscost,3,timelimit,297,297,0.298113565,90788.8403
rmatr200-p5,pscost,4,timelimit,440,440,0.30472516,91837.98755
rmatr200-p5,relpscost,0,timelimit,170,170,0.240006113,82495.94014
rmatr200-p5,relpscost,1,timelimit,81,81,0.260454963,88182.28812
rmatr200-p5,relpscost,2,timelimit,97,97,0.250990058,87628.13042
rmatr200-p5,relpscost,3,timelimit,121,121,0.239632515,87042.55576
rmatr200-p5,relpscost,4,timelimit,209,209,0.237646079,84083.98092
rmatr200-p5,random,0,timelimit,566,566,0.288031917,94377.11273
rmatr200-p5,random,1,timelimit,402,402,0.311864314,97855.32092
rmatr200-p5,random,2,timelimit,426,426,0.313516869,98556.88451
rmatr200-p5,random,3,timelimit,514,514,0.318396765,96823.11039
rmatr200-p5,random,4,timelimit,860,860,0.299204042,94303.61178
roi5alpha10n8,pscost,0,timelimit,2594,2594,0.313371414,104438.7465
roi5alpha10n8,pscost,1,timelimit,649,649,0.365973954,111831.6718
roi5alpha10n8,pscost,2,timelimit,757,757,0.35370955,115450.9955
roi5alpha10n8,pscost,3,timelimit,2149,2149,0.3226112,112744.7542
roi5alpha10n8,pscost,4,timelimit,2043,2043,0.318791972,110448.7177
roi5alpha10n8,relpscost,0,timelimit,1747,1859,0.325819395,104432.0294
roi5alpha10n8,relpscost,1,timelimit,779,847,0.343771102,110042.6438
roi5alpha10n8,relpscost,2,timelimit,519,589,0.34369919,117268.6603
roi5alpha10n8,relpscost,3,timelimit,648,768,0.343524225,117019.0328
roi5alpha10n8,relpscost,4,timelimit,963,1077,0.347906598,112828.7246
roi5alpha10n8,random,0,timelimit,1639,1639,0.379825625,112458.1834
roi5alpha10n8,random,1,timelimit,724,724,0.387709225,114725.7174
roi5alpha10n8,random,2,timelimit,1033,1033,0.372554357,119150.5541
roi5alpha10n8,random,3,timelimit,881,881,0.377131182,119281.6316
roi5alpha10n8,random,4,timelimit,3250,3250,0.372128824,115382.0428
sp150x300d,pscost,0,infeasible,1400,1400,0,7.597336415
sp150x300d,pscost,1,infeasible,6367,6367,0,25.24264971
sp150x300d,pscost,2,infeasible,766767,766767,0,1519.215767
sp150x300d,pscost,3,infeasible,29387,29387,0,93.29022687
sp150x300d,pscost,4,infeasible,1538,1538,0,10.10798761
sp150x300d,relpscost,0,infeasible,209,355,0,4.788344804
sp150x300d,relpscost,1,infeasible,65,155,0,4.413875793
sp150x300d,relpscost,2,infeasible,54469,64079,0,184.7156528
sp150x300d,relpscost,3,infeasible,439,613,0,11.08633116
sp150x300d,relpscost,4,infeasible,69,493,0,8.92588808
sp150x300d,random,0,infeasible,2344,2344,0,14.10391305
sp150x300d,random,1,infeasible,2574,2574,0,10.99698708
sp150x300d,random,2,infeasible,473058,473058,0,505.1189121
sp150x300d,random,3,infeasible,46266,46266,0,113.7648833
sp150x300d,random,4,infeasible,1081,1081,0,8.951317727
stein27,pscost,0,infeasible,2797,2797,0,31.68954526
stein27,pscost,1,infeasible,2669,2669,0,22.02150955
stein27,pscost,2,infeasible,2763,2763,0,23.00748007
stein27,pscost,3,infeasible,2801,2801,0,29.73582282
stein27,pscost,4,infeasible,2605,2605,0,22.10815557
stein27,relpscost,0,infeasible,2697,2961,0,33.29758109
stein27,relpscost,1,infeasible,2755,3879,0,26.1840616
stein27,relpscost,2,infeasible,2611,3627,0,23.54056211
stein27,relpscost,3,infeasible,2595,2785,0,29.56512387
stein27,relpscost,4,infeasible,2643,2925,0,29.74041302
stein27,random,0,infeasible,3027,3027,0,30.14881156
stein27,random,1,infeasible,3189,3189,0,25.03507218
stein27,random,2,infeasible,2949,2949,0,23.79702431
stein27,random,3,infeasible,3017,3017,0,28.44553449
stein27,random,4,infeasible,2951,2951,0,23.63698111
supportcase7,pscost,0,infeasible,151,151,0,3295.708818
supportcase7,pscost,1,infeasible,237,237,0,4160.828073
supportcase7,pscost,2,infeasible,159,159,0,3690.474094
supportcase7,pscost,3,infeasible,151,151,0,3618.342174
supportcase7,pscost,4,infeasible,187,187,0,2902.49638
supportcase7,relpscost,0,infeasible,13,157,0,3494.523579
supportcase7,relpscost,1,infeasible,9,147,0,4117.093898
supportcase7,relpscost,2,infeasible,7,197,0,4569.157046
supportcase7,relpscost,3,infeasible,7,147,0,3750.888817
supportcase7,relpscost,4,infeasible,11,171,0,3147.460141
supportcase7,random,0,infeasible,1429,1429,0,3485.595446
supportcase7,random,1,infeasible,905,905,0,4126.073538
supportcase7,random,2,infeasible,591,591,0,3876.712573
supportcase7,random,3,infeasible,773,773,0,3901.852524
supportcase7,random,4,infeasible,527,527,0,3450.209353
swath1,pscost,0,infeasible,1042,1042,0,252.2422438
swath1,pscost,1,infeasible,1132,1132,0,267.1958786
swath1,pscost,2,infeasible,1139,1139,0,231.5457935
swath1,pscost,3,infeasible,1162,1162,0,254.6560448
swath1,pscost,4,infeasible,1067,1067,0,222.4657545
swath1,relpscost,0,infeasible,235,2221,0,355.6457793
swath1,relpscost,1,infeasible,221,2309,0,336.6035462
swath1,relpscost,2,infeasible,266,2282,0,276.0734251
swath1,relpscost,3,infeasible,663,3517,0,338.7526825
swath1,relpscost,4,infeasible,235,2299,0,271.3950341
swath1,random,0,infeasible,1126,1126,0,295.7543081
swath1,random,1,infeasible,1474,1474,0,294.2355638
swath1,random,2,infeasible,1017,1017,0,259.1514651
swath1,random,3,infeasible,2636,2636,0,309.4042089
swath1,random,4,infeasible,1318,1318,0,225.4606872
vpm2,pscost,0,infeasible,385,385,0,14.3501146
vpm2,pscost,1,infeasible,488,488,0,11.85656771
vpm2,pscost,2,infeasible,581,581,0,12.33265414
vpm2,pscost,3,infeasible,495,495,0,13.61663529
vpm2,pscost,4,infeasible,877,877,0,16.75238071
vpm2,relpscost,0,infeasible,165,405,0,15.18632914
vpm2,relpscost,1,infeasible,153,307,0,11.92037405
vpm2,relpscost,2,infeasible,254,602,0,11.27431629
vpm2,relpscost,3,infeasible,236,484,0,15.71298785
vpm2,relpscost,4,infeasible,202,572,0,14.33636904
vpm2,random,0,infeasible,736,736,0,20.44251141
vpm2,random,1,infeasible,493,493,0,16.93967171
vpm2,random,2,infeasible,456,456,0,14.18257811
vpm2,random,3,infeasible,537,537,0,15.02981261
vpm2,random,4,infeasible,821,821,0,15.63704487
